"publisher","year","N"
"BMC",2013,22251
"BMC",2014,26993
"BMC",2015,26559
"BMC",2016,25466
"BMC",2017,27235
"BMC",2018,29571
"BMC",2019,33461
"BMC",2020,38206
"BMC",2021,43513
"BMC",2022,44041
"Elsevier",2013,314238
"Elsevier",2014,324753
"Elsevier",2015,337397
"Elsevier",2016,354306
"Elsevier",2017,368760
"Elsevier",2018,396020
"Elsevier",2019,417682
"Elsevier",2020,462488
"Elsevier",2021,491288
"Elsevier",2022,497878
"Frontiers",2013,6789
"Frontiers",2014,10925
"Frontiers",2015,12422
"Frontiers",2016,14673
"Frontiers",2017,20151
"Frontiers",2018,27709
"Frontiers",2019,31419
"Frontiers",2020,45538
"Frontiers",2021,76183
"Frontiers",2022,113697
"Hindawi",2013,14902
"Hindawi",2014,15941
"Hindawi",2015,17962
"Hindawi",2016,16367
"Hindawi",2017,14249
"Hindawi",2018,18237
"Hindawi",2019,16360
"Hindawi",2020,21787
"Hindawi",2021,29280
"Hindawi",2022,39116
"MDPI",2013,9295
"MDPI",2014,11882
"MDPI",2015,16656
"MDPI",2016,22374
"MDPI",2017,34753
"MDPI",2018,60716
"MDPI",2019,97012
"MDPI",2020,149604
"MDPI",2021,212066
"MDPI",2022,263993
"Nature",2013,22572
"Nature",2014,24763
"Nature",2015,31587
"Nature",2016,42883
"Nature",2017,49769
"Nature",2018,44715
"Nature",2019,46525
"Nature",2020,50803
"Nature",2021,55350
"Nature",2022,56800
"PLOS",2013,34436
"PLOS",2014,32584
"PLOS",2015,30910
"PLOS",2016,25152
"PLOS",2017,23626
"PLOS",2018,21307
"PLOS",2019,18797
"PLOS",2020,19639
"PLOS",2021,20579
"PLOS",2022,19304
"Springer",2013,150431
"Springer",2014,154604
"Springer",2015,159343
"Springer",2016,165659
"Springer",2017,171369
"Springer",2018,179062
"Springer",2019,187497
"Springer",2020,201293
"Springer",2021,222531
"Springer",2022,250975
"Taylor & Francis",2013,58679
"Taylor & Francis",2014,60391
"Taylor & Francis",2015,62863
"Taylor & Francis",2016,66447
"Taylor & Francis",2017,68306
"Taylor & Francis",2018,66287
"Taylor & Francis",2019,67908
"Taylor & Francis",2020,73741
"Taylor & Francis",2021,76956
"Taylor & Francis",2022,105384
"Wiley",2013,165122
"Wiley",2014,165190
"Wiley",2015,169081
"Wiley",2016,173967
"Wiley",2017,185680
"Wiley",2018,198410
"Wiley",2019,205769
"Wiley",2020,218670
"Wiley",2021,231257
"Wiley",2022,236734
